airline_name,rating,reviews_number,travelers_choice_winner,Legroom,Seat comfort,"In-flight entertainment (WiFi, TV, movies)",Onboard Experience,Customer service,Value for money,Cleanliness,Check-in and boarding,Food and beverage
saudia_airlines,3.0,3695.0,[2018],3.5,3.5,3.0,3.5,3.5,3.5,3.5,3.5,3.5
turkish_airlines,3.5,34447.0,"[2019, 2018, 2017]",3.5,3.5,4.0,4.0,4.0,4.0,4.0,4.0,4.0
qatar_airways,4.0,34682.0,"[2020, 2019, 2018, 2017]",4.0,4.0,4.0,4.0,4.0,4.0,4.5,4.0,4.0
etihad_airways,3.0,18247.0,"[2018, 2017]",3.5,3.5,3.5,3.5,3.5,3.5,4.0,3.5,3.5
emirates,4.0,64105.0,"[2020, 2019, 2018, 2017]",4.0,4.0,4.5,4.0,4.0,4.0,4.5,4.5,4.0
